name,Port,Port Name,Bytes (In Bytes),Protocol,Source VM,Source Cluster,Source Host,Source IP Address,Destination VM,Destination Cluster,Destination Host,Destination IP Address
10.221.81.84(obi-router) -> 10.221.81.57(Ian-WP-Test) [port:80],80,http,6.06971876E8,TCP,obi-router,Cluster-1,10.221.162.4,10.221.81.84,Ian-WP-Test,Cluster-1,10.221.162.4,10.221.81.57
10.221.81.190(vrni-proxy-v6) -> 10.221.81.189(vrni-platform-v6) [port:443],443,https,3.02309225E8,TCP,vrni-proxy-v6,Cluster-1,10.221.162.4,10.221.81.190,vrni-platform-v6,Cluster-1,10.221.162.4,10.221.81.189
"10.221.81.202(vROpsCloudProxy) -> 54.79.128.231(Sydney, AU) [port:443]",443,https,4.8681547E7,TCP,vROpsCloudProxy,Cluster-1,10.221.162.4,10.221.81.202,,,,54.79.128.231
"10.221.81.189(vrni-platform-v6) -> 52.88.232.62(Boardman, US) [port:443]",443,https,204300.0,TCP,vrni-platform-v6,Cluster-1,10.221.162.4,10.221.81.189,,,,52.88.232.62
10.221.81.191(vrni-proxy) -> 10.221.81.192(vrni-platform) [port:443],443,https,3.01175573E8,TCP,vrni-proxy,Cluster-1,10.221.162.4,10.221.81.191,vrni-platform,Cluster-1,10.221.162.4,10.221.81.192
10.221.81.192(vrni-platform) -> 8.8.8.8(US) [port:53],53,dns,192785.0,UDP,vrni-platform,Cluster-1,10.221.162.4,10.221.81.192,,,,8.8.8.8
"10.221.81.57(Ian-WP-Test) -> 45.55.9.9(San Francisco, US) [port:123]",123,ntp,6384.0,UDP,Ian-WP-Test,Cluster-1,10.221.162.4,10.221.81.57,,,,45.55.9.9
"10.221.81.202(vROpsCloudProxy) -> 3.105.59.52(Sydney, AU) [port:443]",443,https,4.9507755E7,TCP,vROpsCloudProxy,Cluster-1,10.221.162.4,10.221.81.202,,,,3.105.59.52
"10.221.81.201(CASProxy) -> 13.239.93.90(Sydney, AU) [port:443]",443,https,1.1242464E7,TCP,CASProxy,Cluster-1,10.221.162.4,10.221.81.201,,,,13.239.93.90
10.221.81.202(vROpsCloudProxy) -> 107.154.251.105(US) [port:443],443,https,2854370.0,TCP,vROpsCloudProxy,Cluster-1,10.221.162.4,10.221.81.202,,,,107.154.251.105
10.221.81.115(TcServer-mcm52120-150868061870) -> 10.221.81.81(SQLFireLocator-mcm52118-150868054681) [port:1527],1527,,2496.0,TCP,TcServer-mcm52120-150868061870,Cluster-1,10.221.162.4,10.221.81.115,SQLFireLocator-mcm52118-150868054681,Cluster-1,10.221.162.4,10.221.81.81
10.221.81.83(SQLFireServer-mcm52127-150870358386) -> 10.221.81.66(SQLFireLocator-mcm52126-150870354692) [port:6362],6362,,1.9214996E7,UDP,SQLFireServer-mcm52127-150870358386,Cluster-1,10.221.162.4,10.221.81.83,SQLFireLocator-mcm52126-150870354692,Cluster-1,10.221.162.4,10.221.81.66
"10.221.81.201(CASProxy) -> 13.210.86.5(Sydney, AU) [port:443]",443,https,5.8776172E7,TCP,CASProxy,Cluster-1,10.221.162.4,10.221.81.201,,,,13.210.86.5
"10.221.81.191(vrni-proxy) -> 54.148.152.125(Boardman, US) [port:443]",443,https,1641060.0,TCP,vrni-proxy,Cluster-1,10.221.162.4,10.221.81.191,,,,54.148.152.125
10.221.81.204(avi-se-01) -> 10.221.81.203(AVIcontroller) [port:22],22,ssh,3.0302412E7,TCP,avi-se-01,Cluster-1,10.221.162.4,10.221.81.204,AVIcontroller,Cluster-1,10.221.162.4,10.221.81.203
"10.221.81.84(obi-router) -> 13.86.101.172(Des Moines, US) [port:123]",123,ntp,12768.0,UDP,obi-router,Cluster-1,10.221.162.4,10.221.81.84,,,,13.86.101.172
10.221.81.82(SQLFireServer-mcm52119-150868058562) -> 10.221.81.81(SQLFireLocator-mcm52118-150868054681) [port:10101],10101,,1414828.0,TCP,SQLFireServer-mcm52119-150868058562,Cluster-1,10.221.162.4,10.221.81.82,SQLFireLocator-mcm52118-150868054681,Cluster-1,10.221.162.4,10.221.81.81
"10.221.81.191(vrni-proxy) -> 103.214.220.220(Canberra, AU) [port:123]",123,ntp,21432.0,UDP,vrni-proxy,Cluster-1,10.221.162.4,10.221.81.191,,,,103.214.220.220
10.221.81.194(tmd01) -> 117.18.232.240(AU) [port:80],80,http,10803.0,TCP,tmd01,Cluster-1,10.221.162.4,10.221.81.194,,,,117.18.232.240
10.221.81.81(SQLFireLocator-mcm52118-150868054681) -> 10.221.81.82(SQLFireServer-mcm52119-150868058562) [port:39212],39212,,1248.0,TCP,SQLFireLocator-mcm52118-150868054681,Cluster-1,10.221.162.4,10.221.81.81,SQLFireServer-mcm52119-150868058562,Cluster-1,10.221.162.4,10.221.81.82
"10.221.81.189(vrni-platform-v6) -> 216.239.32.21(San Carlos, US) [port:80]",80,http,143846.0,TCP,vrni-platform-v6,Cluster-1,10.221.162.4,10.221.81.189,,,,216.239.32.21
"10.221.81.189(vrni-platform-v6) -> 52.88.53.101(Boardman, US) [port:443]",443,https,3960149.0,TCP,vrni-platform-v6,Cluster-1,10.221.162.4,10.221.81.189,,,,52.88.53.101
"10.221.81.202(vROpsCloudProxy) -> 54.148.152.125(Boardman, US) [port:443]",443,https,8689101.0,TCP,vROpsCloudProxy,Cluster-1,10.221.162.4,10.221.81.202,,,,54.148.152.125
10.221.81.202(vROpsCloudProxy) -> 34.208.223.205(US) [port:443],443,https,1.0648669E7,TCP,vROpsCloudProxy,Cluster-1,10.221.162.4,10.221.81.202,,,,34.208.223.205
10.221.81.50(NetPerf02) -> 8.8.8.8(US) [port:53],53,dns,2152.0,UDP,NetPerf02,Cluster-1,10.221.162.4,10.221.81.50,,,,8.8.8.8
10.221.81.115(TcServer-mcm52120-150868061870) -> 10.221.81.82(SQLFireServer-mcm52119-150868058562) [port:1528],1528,,3.0388866E7,TCP,TcServer-mcm52120-150868061870,Cluster-1,10.221.162.4,10.221.81.115,SQLFireServer-mcm52119-150868058562,Cluster-1,10.221.162.4,10.221.81.82
10.221.81.191(vrni-proxy) -> 10.221.172.3(NSX-Manager-2) [port:443],443,https,5.0238035E7,TCP,vrni-proxy,Cluster-1,10.221.162.4,10.221.81.191,NSX-Manager-2,Cluster-1,10.221.162.4,10.221.172.3
"10.221.81.190(vrni-proxy-v6) -> 159.203.82.102(Clifton, US) [port:123]",123,ntp,17784.0,UDP,vrni-proxy-v6,Cluster-1,10.221.162.4,10.221.81.190,,,,159.203.82.102
"10.221.81.194(tmd01) -> 111.221.29.254(Central, HK) [port:443]",443,https,665602.0,TCP,tmd01,Cluster-1,10.221.162.4,10.221.81.194,,,,111.221.29.254
10.221.81.194(tmd01) -> 10.221.81.255 [port:137],137,netbios-ns,63558.0,UDP,tmd01,Cluster-1,10.221.162.4,10.221.81.194,,,,10.221.81.255
"10.221.81.194(tmd01) -> 40.74.108.123(Osaka, JP) [port:443]",443,https,32621.0,TCP,tmd01,Cluster-1,10.221.162.4,10.221.81.194,,,,40.74.108.123
"10.221.81.191(vrni-proxy) -> 52.88.232.62(Boardman, US) [port:443]",443,https,115000.0,TCP,vrni-proxy,Cluster-1,10.221.162.4,10.221.81.191,,,,52.88.232.62
"10.221.81.194(tmd01) -> 52.114.128.70(Des Moines, US) [port:443]",443,https,79974.0,TCP,tmd01,Cluster-1,10.221.162.4,10.221.81.194,,,,52.114.128.70
10.221.81.114 -> 10.221.81.189(vrni-platform-v6) [port:8080],8080,,777960.0,TCP,,,,10.221.81.114,vrni-platform-v6,Cluster-1,10.221.162.4,10.221.81.189
10.221.81.57(Ian-WP-Test) -> 10.221.81.3 [port:67],67,bootps,958.0,UDP,Ian-WP-Test,Cluster-1,10.221.162.4,10.221.81.57,,,,10.221.81.3
10.221.81.115(TcServer-mcm52120-150868061870) -> 10.221.81.3 [port:67],67,bootps,3280.0,UDP,TcServer-mcm52120-150868061870,Cluster-1,10.221.162.4,10.221.81.115,,,,10.221.81.3
10.221.81.82(SQLFireServer-mcm52119-150868058562) -> 10.221.81.81(SQLFireLocator-mcm52118-150868054681) [port:35343],35343,,2496.0,TCP,SQLFireServer-mcm52119-150868058562,Cluster-1,10.221.162.4,10.221.81.82,SQLFireLocator-mcm52118-150868054681,Cluster-1,10.221.162.4,10.221.81.81
10.221.81.117(TcServer-mcm52128-150870363401) -> 10.221.81.3 [port:67],67,bootps,1968.0,UDP,TcServer-mcm52128-150870363401,Cluster-1,10.221.162.4,10.221.81.117,,,,10.221.81.3
10.221.81.201(CASProxy) -> 8.8.8.8(US) [port:53],53,dns,256192.0,UDP,CASProxy,Cluster-1,10.221.162.4,10.221.81.201,,,,8.8.8.8
"10.221.81.57(Ian-WP-Test) -> 52.201.183.155(Ashburn, US) [port:443]",443,https,104061.0,TCP,Ian-WP-Test,Cluster-1,10.221.162.4,10.221.81.57,,,,52.201.183.155
10.221.81.114 -> 255.255.255.255 [port:67],67,bootps,1312.0,UDP,,,,10.221.81.114,,,,255.255.255.255
10.221.81.57(Ian-WP-Test) -> 8.8.8.8(US) [port:53],53,dns,6917.0,UDP,Ian-WP-Test,Cluster-1,10.221.162.4,10.221.81.57,,,,8.8.8.8
10.221.81.190(vrni-proxy-v6) -> 10.221.174.4(vcenter) [port:443],443,https,1.474586369E9,TCP,vrni-proxy-v6,Cluster-1,10.221.162.4,10.221.81.190,vcenter,Cluster-1,10.221.162.4,10.221.174.4
"10.221.81.194(tmd01) -> 13.70.72.233(Sydney, AU) [port:443]",443,https,6009949.0,TCP,tmd01,Cluster-1,10.221.162.4,10.221.81.194,,,,13.70.72.233
"10.221.81.190(vrni-proxy-v6) -> 52.88.232.62(Boardman, US) [port:443]",443,https,115000.0,TCP,vrni-proxy-v6,Cluster-1,10.221.162.4,10.221.81.190,,,,52.88.232.62
10.221.81.194(tmd01) -> 142.250.71.67(US) [port:443],443,https,49022.0,UDP,tmd01,Cluster-1,10.221.162.4,10.221.81.194,,,,142.250.71.67
"10.221.81.192(vrni-platform) -> 52.88.53.101(Boardman, US) [port:443]",443,https,3968722.0,TCP,vrni-platform,Cluster-1,10.221.162.4,10.221.81.192,,,,52.88.53.101
"10.221.81.194(tmd01) -> 13.88.145.64(San Jose, US) [port:443]",443,https,7245.0,TCP,tmd01,Cluster-1,10.221.162.4,10.221.81.194,,,,13.88.145.64
10.221.81.66(SQLFireLocator-mcm52126-150870354692) -> 10.221.81.3 [port:67],67,bootps,1968.0,UDP,SQLFireLocator-mcm52126-150870354692,Cluster-1,10.221.162.4,10.221.81.66,,,,10.221.81.3
"10.221.81.194(tmd01) -> 3.136.87.213(Columbus, US) [port:443]",443,https,1.046408662E9,TCP,tmd01,Cluster-1,10.221.162.4,10.221.81.194,,,,3.136.87.213
10.221.81.113 -> 10.221.81.3 [port:67],67,bootps,1126024.0,UDP,,,,10.221.81.113,,,,10.221.81.3
10.221.81.190(vrni-proxy-v6) -> 10.221.172.3(NSX-Manager-2) [port:443],443,https,5.0326967E7,TCP,vrni-proxy-v6,Cluster-1,10.221.162.4,10.221.81.190,NSX-Manager-2,Cluster-1,10.221.162.4,10.221.172.3
10.221.81.189(vrni-platform-v6) -> 8.8.8.8(US) [port:53],53,dns,87904.0,UDP,vrni-platform-v6,Cluster-1,10.221.162.4,10.221.81.189,,,,8.8.8.8
10.221.81.201(CASProxy) -> 10.221.174.4(vcenter) [port:443],443,https,5.2783434E7,TCP,CASProxy,Cluster-1,10.221.162.4,10.221.81.201,vcenter,Cluster-1,10.221.162.4,10.221.174.4
10.221.81.82(SQLFireServer-mcm52119-150868058562) -> 10.221.81.3 [port:67],67,bootps,1968.0,UDP,SQLFireServer-mcm52119-150868058562,Cluster-1,10.221.162.4,10.221.81.82,,,,10.221.81.3
"10.221.81.195(tm01) -> 198.255.68.106(Los Angeles, US) [port:123]",123,ntp,12768.0,UDP,tm01,Cluster-1,10.221.162.4,10.221.81.195,,,,198.255.68.106
"10.221.81.192(vrni-platform) -> 216.239.32.21(San Carlos, US) [port:80]",80,http,147438.0,TCP,vrni-platform,Cluster-1,10.221.162.4,10.221.81.192,,,,216.239.32.21
10.221.81.195(tm01) -> 10.221.81.194(tmd01) [port:53],53,dns,1113139.0,UDP,tm01,Cluster-1,10.221.162.4,10.221.81.195,tmd01,Cluster-1,10.221.162.4,10.221.81.194
10.221.81.194(tmd01) -> 184.84.165.97(US) [port:80],80,http,72295.0,TCP,tmd01,Cluster-1,10.221.162.4,10.221.81.194,,,,184.84.165.97
"10.221.81.195(tm01) -> 64.22.253.155(Springfield, US) [port:123]",123,ntp,19684.0,UDP,tm01,Cluster-1,10.221.162.4,10.221.81.195,,,,64.22.253.155
10.221.81.118(TcServer-mcm52129-150870363401) -> 10.221.81.3 [port:67],67,bootps,2624.0,UDP,TcServer-mcm52129-150870363401,Cluster-1,10.221.162.4,10.221.81.118,,,,10.221.81.3
"10.221.81.190(vrni-proxy-v6) -> 216.239.32.21(San Carlos, US) [port:80]",80,http,144811.0,TCP,vrni-proxy-v6,Cluster-1,10.221.162.4,10.221.81.190,,,,216.239.32.21
10.221.81.195(tm01) -> 199.180.255.17(US) [port:123],123,ntp,12768.0,UDP,tm01,Cluster-1,10.221.162.4,10.221.81.195,,,,199.180.255.17
"10.221.81.189(vrni-platform-v6) -> 216.239.38.21(San Carlos, US) [port:80]",80,http,113458.0,TCP,vrni-platform-v6,Cluster-1,10.221.162.4,10.221.81.189,,,,216.239.38.21
10.221.81.195(tm01) -> 79.137.73.44(FR) [port:80],80,http,1664.0,TCP,tm01,Cluster-1,10.221.162.4,10.221.81.195,,,,79.137.73.44
10.221.81.191(vrni-proxy) -> 8.8.8.8(US) [port:53],53,dns,107288.0,UDP,vrni-proxy,Cluster-1,10.221.162.4,10.221.81.191,,,,8.8.8.8
10.221.81.57(Ian-WP-Test) -> 198.143.164.251(US) [port:443],443,https,172506.0,TCP,Ian-WP-Test,Cluster-1,10.221.162.4,10.221.81.57,,,,198.143.164.251
10.221.81.53(NetPerf01) -> 10.221.81.3 [port:67],67,bootps,1302.0,UDP,NetPerf01,Cluster-1,10.221.162.4,10.221.81.53,,,,10.221.81.3
10.221.81.194(tmd01) -> 152.199.39.108(US) [port:443],443,https,31598.0,TCP,tmd01,Cluster-1,10.221.162.4,10.221.81.194,,,,152.199.39.108
10.221.81.194(tmd01) -> 152.195.38.129(US) [port:443],443,https,71801.0,TCP,tmd01,Cluster-1,10.221.162.4,10.221.81.194,,,,152.195.38.129
10.221.81.116(MessageBus-mcm52124-150870350995) -> 10.221.81.3 [port:67],67,bootps,2624.0,UDP,MessageBus-mcm52124-150870350995,Cluster-1,10.221.162.4,10.221.81.116,,,,10.221.81.3
10.221.81.204(avi-se-01) -> 10.221.81.203(AVIcontroller) [port:8443],8443,,1834756.0,TCP,avi-se-01,Cluster-1,10.221.162.4,10.221.81.204,AVIcontroller,Cluster-1,10.221.162.4,10.221.81.203
"10.221.81.53(NetPerf01) -> 216.239.35.8(San Carlos, US) [port:123]",123,ntp,6384.0,UDP,NetPerf01,Cluster-1,10.221.162.4,10.221.81.53,,,,216.239.35.8
"10.221.81.194(tmd01) -> 40.119.249.228(Singapore, SG) [port:443]",443,https,22911.0,TCP,tmd01,Cluster-1,10.221.162.4,10.221.81.194,,,,40.119.249.228
10.221.81.117(TcServer-mcm52128-150870363401) -> 10.221.81.66(SQLFireLocator-mcm52126-150870354692) [port:1527],1527,,2496.0,TCP,TcServer-mcm52128-150870363401,Cluster-1,10.221.162.4,10.221.81.117,SQLFireLocator-mcm52126-150870354692,Cluster-1,10.221.162.4,10.221.81.66
10.221.81.194(tmd01) -> 10.221.81.255 [port:138],138,netbios-dgm,29312.0,UDP,tmd01,Cluster-1,10.221.162.4,10.221.81.194,,,,10.221.81.255
10.221.81.194(tmd01) -> 157.240.8.35(US) [port:443],443,https,5279.0,TCP,tmd01,Cluster-1,10.221.162.4,10.221.81.194,,,,157.240.8.35
"10.221.81.194(tmd01) -> 216.58.196.142(Mountain View, US) [port:443]",443,https,46177.0,UDP,tmd01,Cluster-1,10.221.162.4,10.221.81.194,,,,216.58.196.142
"10.221.81.201(CASProxy) -> 52.63.187.132(Sydney, AU) [port:443]",443,https,6.4785752E7,TCP,CASProxy,Cluster-1,10.221.162.4,10.221.81.201,,,,52.63.187.132
10.221.81.189(vrni-platform-v6) -> 107.154.251.105(US) [port:443],443,https,275823.0,TCP,vrni-platform-v6,Cluster-1,10.221.162.4,10.221.81.189,,,,107.154.251.105
"10.221.81.191(vrni-proxy) -> 216.239.32.21(San Carlos, US) [port:80]",80,http,150086.0,TCP,vrni-proxy,Cluster-1,10.221.162.4,10.221.81.191,,,,216.239.32.21
10.221.81.194(tmd01) -> 224.0.0.252 [port:5355],5355,,25238.0,UDP,tmd01,Cluster-1,10.221.162.4,10.221.81.194,,,,224.0.0.252
10.221.81.50(NetPerf02) -> 23.202.168.4(US) [port:443],443,https,106532.0,TCP,NetPerf02,Cluster-1,10.221.162.4,10.221.81.50,,,,23.202.168.4
10.221.81.191(vrni-proxy) -> 10.221.174.4(vcenter) [port:22],22,ssh,360.0,TCP,vrni-proxy,Cluster-1,10.221.162.4,10.221.81.191,vcenter,Cluster-1,10.221.162.4,10.221.174.4
"10.221.81.202(vROpsCloudProxy) -> 52.62.189.77(Sydney, AU) [port:443]",443,https,4.9375953E7,TCP,vROpsCloudProxy,Cluster-1,10.221.162.4,10.221.81.202,,,,52.62.189.77
10.221.81.84(obi-router) -> 10.221.81.3 [port:67],67,bootps,1312.0,UDP,obi-router,Cluster-1,10.221.162.4,10.221.81.84,,,,10.221.81.3
10.221.81.118(TcServer-mcm52129-150870363401) -> 10.221.81.66(SQLFireLocator-mcm52126-150870354692) [port:1527],1527,,2496.0,TCP,TcServer-mcm52129-150870363401,Cluster-1,10.221.162.4,10.221.81.118,SQLFireLocator-mcm52126-150870354692,Cluster-1,10.221.162.4,10.221.81.66
"10.221.81.194(tmd01) -> 139.99.222.72(Sydney, AU) [port:123]",123,ntp,10792.0,UDP,tmd01,Cluster-1,10.221.162.4,10.221.81.194,,,,139.99.222.72
"10.221.81.194(tmd01) -> 40.90.189.152(Singapore, SG) [port:443]",443,https,32471.0,TCP,tmd01,Cluster-1,10.221.162.4,10.221.81.194,,,,40.90.189.152
10.221.81.191(vrni-proxy) -> 10.221.172.3(NSX-Manager-2) [port:22],22,ssh,120.0,TCP,vrni-proxy,Cluster-1,10.221.162.4,10.221.81.191,NSX-Manager-2,Cluster-1,10.221.162.4,10.221.172.3
"10.221.81.202(vROpsCloudProxy) -> 13.55.238.141(Sydney, AU) [port:443]",443,https,4.569975E7,TCP,vROpsCloudProxy,Cluster-1,10.221.162.4,10.221.81.202,,,,13.55.238.141
10.221.81.117(TcServer-mcm52128-150870363401) -> 10.221.81.83(SQLFireServer-mcm52127-150870358386) [port:1528],1528,,3.0342924E7,TCP,TcServer-mcm52128-150870363401,Cluster-1,10.221.162.4,10.221.81.117,SQLFireServer-mcm52127-150870358386,Cluster-1,10.221.162.4,10.221.81.83
10.221.81.83(SQLFireServer-mcm52127-150870358386) -> 10.221.81.66(SQLFireLocator-mcm52126-150870354692) [port:37688],37688,,2496.0,TCP,SQLFireServer-mcm52127-150870358386,Cluster-1,10.221.162.4,10.221.81.83,SQLFireLocator-mcm52126-150870354692,Cluster-1,10.221.162.4,10.221.81.66
10.221.81.192(vrni-platform) -> 107.154.251.105(US) [port:443],443,https,274562.0,TCP,vrni-platform,Cluster-1,10.221.162.4,10.221.81.192,,,,107.154.251.105
"10.221.81.190(vrni-proxy-v6) -> 44.240.91.71(Boardman, US) [port:443]",443,https,1782925.0,TCP,vrni-proxy-v6,Cluster-1,10.221.162.4,10.221.81.190,,,,44.240.91.71
"10.221.81.84(obi-router) -> 35.244.86.189(Sydney, AU) [port:443]",443,https,1.8037424E7,TCP,obi-router,Cluster-1,10.221.162.4,10.221.81.84,,,,35.244.86.189
"10.221.81.50(NetPerf02) -> 216.239.35.0(San Carlos, US) [port:123]",123,ntp,6384.0,UDP,NetPerf02,Cluster-1,10.221.162.4,10.221.81.50,,,,216.239.35.0
"10.221.81.201(CASProxy) -> 52.64.2.133(Sydney, AU) [port:443]",443,https,1.163751E7,TCP,CASProxy,Cluster-1,10.221.162.4,10.221.81.201,,,,52.64.2.133
10.221.81.114 -> 10.221.81.3 [port:67],67,bootps,1124712.0,UDP,,,,10.221.81.114,,,,10.221.81.3
"10.221.81.201(CASProxy) -> 54.253.218.35(Sydney, AU) [port:443]",443,https,3.7654469E7,TCP,CASProxy,Cluster-1,10.221.162.4,10.221.81.201,,,,54.253.218.35
10.221.81.201(CASProxy) -> 10.221.172.3(NSX-Manager-2) [port:443],443,https,1.0766914E7,TCP,CASProxy,Cluster-1,10.221.162.4,10.221.81.201,NSX-Manager-2,Cluster-1,10.221.162.4,10.221.172.3
10.221.81.194(tmd01) -> 13.107.13.93(US) [port:443],443,https,49020.0,TCP,tmd01,Cluster-1,10.221.162.4,10.221.81.194,,,,13.107.13.93
10.221.81.53(NetPerf01) -> 8.8.8.8(US) [port:53],53,dns,2152.0,UDP,NetPerf01,Cluster-1,10.221.162.4,10.221.81.53,,,,8.8.8.8
10.221.81.190(vrni-proxy-v6) -> 10.221.174.4(vcenter) [port:22],22,ssh,240.0,TCP,vrni-proxy-v6,Cluster-1,10.221.162.4,10.221.81.190,vcenter,Cluster-1,10.221.162.4,10.221.174.4
"10.221.81.191(vrni-proxy) -> 44.240.91.71(Boardman, US) [port:443]",443,https,1885613.0,TCP,vrni-proxy,Cluster-1,10.221.162.4,10.221.81.191,,,,44.240.91.71
10.221.81.204(avi-se-01) -> 10.221.81.203(AVIcontroller) [port:123],123,ntp,12464.0,UDP,avi-se-01,Cluster-1,10.221.162.4,10.221.81.204,AVIcontroller,Cluster-1,10.221.162.4,10.221.81.203
"10.221.81.194(tmd01) -> 52.139.250.253(Singapore, SG) [port:443]",443,https,28711.0,TCP,tmd01,Cluster-1,10.221.162.4,10.221.81.194,,,,52.139.250.253
"10.221.81.84(obi-router) -> 45.76.113.31(Alexandria, AU) [port:123]",123,ntp,16720.0,UDP,obi-router,Cluster-1,10.221.162.4,10.221.81.84,,,,45.76.113.31
10.221.81.53(NetPerf01) -> 23.202.168.4(US) [port:443],443,https,106164.0,TCP,NetPerf01,Cluster-1,10.221.162.4,10.221.81.53,,,,23.202.168.4
"10.221.81.203(AVIcontroller) -> 107.170.0.6(New York, US) [port:123]",123,ntp,12464.0,UDP,AVIcontroller,Cluster-1,10.221.162.4,10.221.81.203,,,,107.170.0.6
10.221.81.202(vROpsCloudProxy) -> 8.8.8.8(US) [port:53],53,dns,9488470.0,UDP,vROpsCloudProxy,Cluster-1,10.221.162.4,10.221.81.202,,,,8.8.8.8
10.221.81.190(vrni-proxy-v6) -> 35.166.179.139(US) [port:443],443,https,1271148.0,TCP,vrni-proxy-v6,Cluster-1,10.221.162.4,10.221.81.190,,,,35.166.179.139
"10.221.81.190(vrni-proxy-v6) -> 216.239.38.21(San Carlos, US) [port:80]",80,http,112595.0,TCP,vrni-proxy-v6,Cluster-1,10.221.162.4,10.221.81.190,,,,216.239.38.21
"10.221.81.190(vrni-proxy-v6) -> 52.88.53.101(Boardman, US) [port:443]",443,https,1270660.0,TCP,vrni-proxy-v6,Cluster-1,10.221.162.4,10.221.81.190,,,,52.88.53.101
10.221.81.194(tmd01) -> 172.217.25.163(US) [port:443],443,https,99302.0,UDP,tmd01,Cluster-1,10.221.162.4,10.221.81.194,,,,172.217.25.163
10.221.81.203(AVIcontroller) -> 169.254.169.254 [port:80],80,http,4560.0,TCP,AVIcontroller,Cluster-1,10.221.162.4,10.221.81.203,,,,169.254.169.254
"10.221.81.194(tmd01) -> 192.229.232.240(Los Angeles, US) [port:80]",80,http,329435.0,TCP,tmd01,Cluster-1,10.221.162.4,10.221.81.194,,,,192.229.232.240
10.221.81.192(vrni-platform) -> 35.166.179.139(US) [port:443],443,https,3484220.0,TCP,vrni-platform,Cluster-1,10.221.162.4,10.221.81.192,,,,35.166.179.139
"10.221.81.84(obi-router) -> 198.255.68.106(Los Angeles, US) [port:123]",123,ntp,12768.0,UDP,obi-router,Cluster-1,10.221.162.4,10.221.81.84,,,,198.255.68.106
10.221.81.50(NetPerf02) -> 10.221.81.3 [port:67],67,bootps,1302.0,UDP,NetPerf02,Cluster-1,10.221.162.4,10.221.81.50,,,,10.221.81.3
10.221.81.191(vrni-proxy) -> 35.166.179.139(US) [port:443],443,https,3198562.0,TCP,vrni-proxy,Cluster-1,10.221.162.4,10.221.81.191,,,,35.166.179.139
10.221.81.194(tmd01) -> 172.217.25.35(US) [port:443],443,https,244644.0,UDP,tmd01,Cluster-1,10.221.162.4,10.221.81.194,,,,172.217.25.35
10.221.81.195(tm01) -> 173.0.48.220(US) [port:123],123,ntp,12692.0,UDP,tm01,Cluster-1,10.221.162.4,10.221.81.195,,,,173.0.48.220
"10.221.81.194(tmd01) -> 216.58.200.99(Mountain View, US) [port:443]",443,https,44773.0,UDP,tmd01,Cluster-1,10.221.162.4,10.221.81.194,,,,216.58.200.99
"10.221.81.194(tmd01) -> 52.139.168.125(Central, HK) [port:443]",443,https,29861.0,TCP,tmd01,Cluster-1,10.221.162.4,10.221.81.194,,,,52.139.168.125
10.221.81.194(tmd01) -> 74.125.24.189(US) [port:443],443,https,13127.0,TCP,tmd01,Cluster-1,10.221.162.4,10.221.81.194,,,,74.125.24.189
"10.221.81.194(tmd01) -> 13.239.149.148(Sydney, AU) [port:443]",443,https,9.4545023E7,TCP,tmd01,Cluster-1,10.221.162.4,10.221.81.194,,,,13.239.149.148
10.221.81.194(tmd01) -> 184.29.15.238(US) [port:443],443,https,588580.0,TCP,tmd01,Cluster-1,10.221.162.4,10.221.81.194,,,,184.29.15.238
10.221.81.194(tmd01) -> 173.194.28.102(US) [port:80],80,http,33050.0,TCP,tmd01,Cluster-1,10.221.162.4,10.221.81.194,,,,173.194.28.102
10.221.81.190(vrni-proxy-v6) -> 10.221.172.3(NSX-Manager-2) [port:22],22,ssh,120.0,TCP,vrni-proxy-v6,Cluster-1,10.221.162.4,10.221.81.190,NSX-Manager-2,Cluster-1,10.221.162.4,10.221.172.3
"10.221.81.194(tmd01) -> 52.139.153.205(Central, HK) [port:443]",443,https,53906.0,TCP,tmd01,Cluster-1,10.221.162.4,10.221.81.194,,,,52.139.153.205
"10.221.81.194(tmd01) -> 40.90.23.154(Washington, US) [port:443]",443,https,21665.0,TCP,tmd01,Cluster-1,10.221.162.4,10.221.81.194,,,,40.90.23.154
10.221.81.194(tmd01) -> 172.217.25.131(US) [port:443],443,https,7418.0,UDP,tmd01,Cluster-1,10.221.162.4,10.221.81.194,,,,172.217.25.131
"10.221.81.194(tmd01) -> 20.188.192.88(Sydney, AU) [port:443]",443,https,88901.0,TCP,tmd01,Cluster-1,10.221.162.4,10.221.81.194,,,,20.188.192.88
10.221.81.194(tmd01) -> 142.250.66.173(US) [port:443],443,https,587869.0,UDP,tmd01,Cluster-1,10.221.162.4,10.221.81.194,,,,142.250.66.173
10.221.81.83(SQLFireServer-mcm52127-150870358386) -> 10.221.81.66(SQLFireLocator-mcm52126-150870354692) [port:10101],10101,,1456532.0,TCP,SQLFireServer-mcm52127-150870358386,Cluster-1,10.221.162.4,10.221.81.83,SQLFireLocator-mcm52126-150870354692,Cluster-1,10.221.162.4,10.221.81.66
10.221.81.194(tmd01) -> 149.135.80.10(AU) [port:80],80,http,112410.0,TCP,tmd01,Cluster-1,10.221.162.4,10.221.81.194,,,,149.135.80.10
"10.221.81.192(vrni-platform) -> 52.88.232.62(Boardman, US) [port:443]",443,https,204800.0,TCP,vrni-platform,Cluster-1,10.221.162.4,10.221.81.192,,,,52.88.232.62
10.221.81.82(SQLFireServer-mcm52119-150868058562) -> 10.221.81.81(SQLFireLocator-mcm52118-150868054681) [port:53436],53436,,1.9207194E7,UDP,SQLFireServer-mcm52119-150868058562,Cluster-1,10.221.162.4,10.221.81.82,SQLFireLocator-mcm52118-150868054681,Cluster-1,10.221.162.4,10.221.81.81
10.221.81.83(SQLFireServer-mcm52127-150870358386) -> 10.221.81.3 [port:67],67,bootps,1312.0,UDP,SQLFireServer-mcm52127-150870358386,Cluster-1,10.221.162.4,10.221.81.83,,,,10.221.81.3
10.221.81.194(tmd01) -> 142.250.71.67(US) [port:443],443,https,13617.0,TCP,tmd01,Cluster-1,10.221.162.4,10.221.81.194,,,,142.250.71.67
10.221.162.4 -> 10.221.81.191(vrni-proxy) [port:2055],2055,,1.67120632E8,UDP,,,10.221.162.4,10.221.162.4,vrni-proxy,Cluster-1,10.221.162.4,10.221.81.191
10.221.81.192(vrni-platform) -> 162.159.200.123 [port:123],123,ntp,24472.0,UDP,vrni-platform,Cluster-1,10.221.162.4,10.221.81.192,,,,162.159.200.123
10.221.81.194(tmd01) -> 172.217.167.110(US) [port:443],443,https,5747.0,TCP,tmd01,Cluster-1,10.221.162.4,10.221.81.194,,,,172.217.167.110
10.221.81.194(tmd01) -> 142.250.71.78(US) [port:443],443,https,27761.0,UDP,tmd01,Cluster-1,10.221.162.4,10.221.81.194,,,,142.250.71.78
10.221.81.194(tmd01) -> 142.250.67.10(US) [port:443],443,https,29185.0,TCP,tmd01,Cluster-1,10.221.162.4,10.221.81.194,,,,142.250.67.10
10.221.81.194(tmd01) -> 142.250.67.3(US) [port:443],443,https,131326.0,UDP,tmd01,Cluster-1,10.221.162.4,10.221.81.194,,,,142.250.67.3
10.221.162.4 -> 10.221.81.190(vrni-proxy-v6) [port:2055],2055,,1.67120632E8,UDP,,,10.221.162.4,10.221.162.4,vrni-proxy-v6,Cluster-1,10.221.162.4,10.221.81.190
"10.221.81.194(tmd01) -> 52.63.231.178(Sydney, AU) [port:443]",443,https,44874.0,TCP,tmd01,Cluster-1,10.221.162.4,10.221.81.194,,,,52.63.231.178
10.221.81.66(SQLFireLocator-mcm52126-150870354692) -> 10.221.81.83(SQLFireServer-mcm52127-150870358386) [port:39631],39631,,1248.0,TCP,SQLFireLocator-mcm52126-150870354692,Cluster-1,10.221.162.4,10.221.81.66,SQLFireServer-mcm52127-150870358386,Cluster-1,10.221.162.4,10.221.81.83
"10.221.81.194(tmd01) -> 144.48.166.166(Canberra, AU) [port:123]",123,ntp,2280.0,UDP,tmd01,Cluster-1,10.221.162.4,10.221.81.194,,,,144.48.166.166
"10.221.81.194(tmd01) -> 216.58.203.99(Mountain View, US) [port:443]",443,https,398336.0,UDP,tmd01,Cluster-1,10.221.162.4,10.221.81.194,,,,216.58.203.99
"10.221.81.201(CASProxy) -> 13.239.149.148(Sydney, AU) [port:443]",443,https,2005957.0,TCP,CASProxy,Cluster-1,10.221.162.4,10.221.81.201,,,,13.239.149.148
10.221.81.118(TcServer-mcm52129-150870363401) -> 10.221.81.83(SQLFireServer-mcm52127-150870358386) [port:1528],1528,,3.0412426E7,TCP,TcServer-mcm52129-150870363401,Cluster-1,10.221.162.4,10.221.81.118,SQLFireServer-mcm52127-150870358386,Cluster-1,10.221.162.4,10.221.81.83
"10.221.81.194(tmd01) -> 167.172.144.29(North Bergen, US) [port:443]",443,https,24462.0,TCP,tmd01,Cluster-1,10.221.162.4,10.221.81.194,,,,167.172.144.29
10.221.81.194(tmd01) -> 142.250.66.208(US) [port:443],443,https,11688.0,TCP,tmd01,Cluster-1,10.221.162.4,10.221.81.194,,,,142.250.66.208
10.221.81.194(tmd01) -> 142.250.66.238(US) [port:443],443,https,383086.0,UDP,tmd01,Cluster-1,10.221.162.4,10.221.81.194,,,,142.250.66.238
10.221.81.194(tmd01) -> 224.0.0.251 [port:5353],5353,,1020.0,UDP,tmd01,Cluster-1,10.221.162.4,10.221.81.194,,,,224.0.0.251
10.221.81.194(tmd01) -> 142.250.66.202(US) [port:443],443,https,47738.0,UDP,tmd01,Cluster-1,10.221.162.4,10.221.81.194,,,,142.250.66.202
10.221.81.194(tmd01) -> 142.250.71.68(US) [port:443],443,https,282926.0,UDP,tmd01,Cluster-1,10.221.162.4,10.221.81.194,,,,142.250.71.68
"10.221.81.194(tmd01) -> 13.74.179.117(Dublin, IE) [port:443]",443,https,6002.0,TCP,tmd01,Cluster-1,10.221.162.4,10.221.81.194,,,,13.74.179.117
10.221.81.194(tmd01) -> 142.250.67.3(US) [port:443],443,https,17172.0,TCP,tmd01,Cluster-1,10.221.162.4,10.221.81.194,,,,142.250.67.3
10.221.81.194(tmd01) -> 74.125.109.168(US) [port:80],80,http,16699.0,TCP,tmd01,Cluster-1,10.221.162.4,10.221.81.194,,,,74.125.109.168
10.221.81.192(vrni-platform) -> 162.159.200.1 [port:123],123,ntp,,UDP,vrni-platform,Cluster-1,10.221.162.4,10.221.81.192,,,,162.159.200.1
"10.221.81.194(tmd01) -> 220.158.215.20(Sydney, AU) [port:123]",123,ntp,4712.0,UDP,tmd01,Cluster-1,10.221.162.4,10.221.81.194,,,,220.158.215.20
10.221.81.194(tmd01) -> 172.217.167.106(US) [port:443],443,https,36263.0,UDP,tmd01,Cluster-1,10.221.162.4,10.221.81.194,,,,172.217.167.106
"10.221.81.192(vrni-platform) -> 216.239.38.21(San Carlos, US) [port:80]",80,http,109917.0,TCP,vrni-platform,Cluster-1,10.221.162.4,10.221.81.192,,,,216.239.38.21
"10.221.81.84(obi-router) -> 74.207.240.206(Fremont, US) [port:123]",123,ntp,13072.0,UDP,obi-router,Cluster-1,10.221.162.4,10.221.81.84,,,,74.207.240.206
10.221.81.194(tmd01) -> 142.250.66.195(US) [port:443],443,https,14207.0,TCP,tmd01,Cluster-1,10.221.162.4,10.221.81.194,,,,142.250.66.195
10.221.81.194(tmd01) -> 23.58.224.119(US) [port:443],443,https,6278.0,TCP,tmd01,Cluster-1,10.221.162.4,10.221.81.194,,,,23.58.224.119
10.221.81.194(tmd01) -> 172.217.167.74(US) [port:443],443,https,87358.0,UDP,tmd01,Cluster-1,10.221.162.4,10.221.81.194,,,,172.217.167.74
10.221.81.194(tmd01) -> 184.84.165.115(US) [port:80],80,http,5463.0,TCP,tmd01,Cluster-1,10.221.162.4,10.221.81.194,,,,184.84.165.115
10.221.81.194(tmd01) -> 142.250.66.173(US) [port:443],443,https,26862.0,TCP,tmd01,Cluster-1,10.221.162.4,10.221.81.194,,,,142.250.66.173
10.221.81.194(tmd01) -> 172.217.25.170(US) [port:443],443,https,11982.0,TCP,tmd01,Cluster-1,10.221.162.4,10.221.81.194,,,,172.217.25.170
"10.221.81.194(tmd01) -> 216.58.200.99(Mountain View, US) [port:443]",443,https,7265.0,TCP,tmd01,Cluster-1,10.221.162.4,10.221.81.194,,,,216.58.200.99
"10.221.81.202(vROpsCloudProxy) -> 216.239.35.0(San Carlos, US) [port:123]",123,ntp,6384.0,UDP,vROpsCloudProxy,Cluster-1,10.221.162.4,10.221.81.202,,,,216.239.35.0
"96.233.35.123(Fitchburg, US) -> 10.221.81.194(tmd01) [port:3389]",3389,,1.67457724E8,TCP,,,,96.233.35.123,tmd01,Cluster-1,10.221.162.4,10.221.81.194
10.221.81.194(tmd01) -> 192.28.147.68(US) [port:443],443,https,7145.0,TCP,tmd01,Cluster-1,10.221.162.4,10.221.81.194,,,,192.28.147.68
10.221.81.194(tmd01) -> 13.224.180.81(US) [port:443],443,https,14182.0,TCP,tmd01,Cluster-1,10.221.162.4,10.221.81.194,,,,13.224.180.81
"10.221.81.194(tmd01) -> 40.115.69.222(Melbourne, AU) [port:443]",443,https,325012.0,TCP,tmd01,Cluster-1,10.221.162.4,10.221.81.194,,,,40.115.69.222
10.221.81.194(tmd01) -> 142.250.67.14(US) [port:443],443,https,13334.0,TCP,tmd01,Cluster-1,10.221.162.4,10.221.81.194,,,,142.250.67.14
10.221.81.194(tmd01) -> 172.217.25.42(US) [port:443],443,https,26476.0,UDP,tmd01,Cluster-1,10.221.162.4,10.221.81.194,,,,172.217.25.42
10.221.81.113 -> 10.221.81.189(vrni-platform-v6) [port:8080],8080,,777960.0,TCP,,,,10.221.81.113,vrni-platform-v6,Cluster-1,10.221.162.4,10.221.81.189
"10.221.81.194(tmd01) -> 54.79.254.231(Sydney, AU) [port:80]",80,http,4560.0,TCP,tmd01,Cluster-1,10.221.162.4,10.221.81.194,,,,54.79.254.231
10.221.81.194(tmd01) -> 142.250.66.163(US) [port:443],443,https,5071.0,TCP,tmd01,Cluster-1,10.221.162.4,10.221.81.194,,,,142.250.66.163
"10.221.81.203(AVIcontroller) -> 47.190.36.235(Carrollton, US) [port:123]",123,ntp,12464.0,UDP,AVIcontroller,Cluster-1,10.221.162.4,10.221.81.203,,,,47.190.36.235
"10.221.81.194(tmd01) -> 8.246.81.126(Brisbane, AU) [port:80]",80,http,1086981.0,TCP,tmd01,Cluster-1,10.221.162.4,10.221.81.194,,,,8.246.81.126
10.221.81.194(tmd01) -> 172.217.25.132(US) [port:443],443,https,3880.0,TCP,tmd01,Cluster-1,10.221.162.4,10.221.81.194,,,,172.217.25.132
10.221.81.191(vrni-proxy) -> 10.221.174.4(vcenter) [port:443],443,https,1.355493172E9,TCP,vrni-proxy,Cluster-1,10.221.162.4,10.221.81.191,vcenter,Cluster-1,10.221.162.4,10.221.174.4
"10.221.81.189(vrni-platform-v6) -> 103.38.121.36(Singleton, AU) [port:123]",123,ntp,17480.0,UDP,vrni-platform-v6,Cluster-1,10.221.162.4,10.221.81.189,,,,103.38.121.36
10.221.81.201(CASProxy) -> 107.154.251.105(US) [port:443],443,https,2623589.0,TCP,CASProxy,Cluster-1,10.221.162.4,10.221.81.201,,,,107.154.251.105
"10.221.81.202(vROpsCloudProxy) -> 13.211.230.3(Sydney, AU) [port:443]",443,https,4.1522336E7,TCP,vROpsCloudProxy,Cluster-1,10.221.162.4,10.221.81.202,,,,13.211.230.3
10.221.81.194(tmd01) -> 10.221.174.23(hcx_cloud_manager) [port:443],443,https,5233621.0,TCP,tmd01,Cluster-1,10.221.162.4,10.221.81.194,hcx_cloud_manager,Cluster-1,10.221.162.4,10.221.174.23
"10.221.81.194(tmd01) -> 40.90.137.126(Washington, US) [port:443]",443,https,20987.0,TCP,tmd01,Cluster-1,10.221.162.4,10.221.81.194,,,,40.90.137.126
"103.1.58.23(Melbourne, AU) -> 10.221.81.194(tmd01) [port:3389]",3389,,2.64922611E8,TCP,,,,103.1.58.23,tmd01,Cluster-1,10.221.162.4,10.221.81.194
10.221.81.190(vrni-proxy-v6) -> 8.8.8.8(US) [port:53],53,dns,103844.0,UDP,vrni-proxy-v6,Cluster-1,10.221.162.4,10.221.81.190,,,,8.8.8.8
10.221.81.194(tmd01) -> 142.250.66.163(US) [port:443],443,https,244086.0,UDP,tmd01,Cluster-1,10.221.162.4,10.221.81.194,,,,142.250.66.163
"10.221.81.202(vROpsCloudProxy) -> 3.106.48.43(Sydney, AU) [port:443]",443,https,4.6162968E7,TCP,vROpsCloudProxy,Cluster-1,10.221.162.4,10.221.81.202,,,,3.106.48.43
"10.221.81.194(tmd01) -> 216.58.200.106(Mountain View, US) [port:443]",443,https,20340.0,UDP,tmd01,Cluster-1,10.221.162.4,10.221.81.194,,,,216.58.200.106
"10.221.81.201(CASProxy) -> 3.105.3.119(Sydney, AU) [port:443]",443,https,5.5715829E7,TCP,CASProxy,Cluster-1,10.221.162.4,10.221.81.201,,,,3.105.3.119
10.221.81.65(MessageBus-mcm52116-150868051684) -> 10.221.81.3 [port:67],67,bootps,1312.0,UDP,MessageBus-mcm52116-150868051684,Cluster-1,10.221.162.4,10.221.81.65,,,,10.221.81.3
10.221.81.194(tmd01) -> 74.125.109.170(US) [port:80],80,http,7262.0,TCP,tmd01,Cluster-1,10.221.162.4,10.221.81.194,,,,74.125.109.170
10.221.81.195(tm01) -> 8.8.8.8(US) [port:53],53,dns,2056.0,UDP,tm01,Cluster-1,10.221.162.4,10.221.81.195,,,,8.8.8.8
"10.221.81.194(tmd01) -> 54.227.183.234(Ashburn, US) [port:443]",443,https,1575010.0,TCP,tmd01,Cluster-1,10.221.162.4,10.221.81.194,,,,54.227.183.234
10.221.81.194(tmd01) -> 142.250.67.4(US) [port:443],443,https,40418.0,UDP,tmd01,Cluster-1,10.221.162.4,10.221.81.194,,,,142.250.67.4
"10.221.81.194(tmd01) -> 216.58.199.74(Mountain View, US) [port:443]",443,https,97379.0,UDP,tmd01,Cluster-1,10.221.162.4,10.221.81.194,,,,216.58.199.74
"10.221.81.194(tmd01) -> 52.114.133.60(Washington, US) [port:443]",443,https,442917.0,TCP,tmd01,Cluster-1,10.221.162.4,10.221.81.194,,,,52.114.133.60
"10.221.81.194(tmd01) -> 104.42.78.153(San Jose, US) [port:443]",443,https,208733.0,TCP,tmd01,Cluster-1,10.221.162.4,10.221.81.194,,,,104.42.78.153
10.221.81.194(tmd01) -> 104.74.32.163(US) [port:443],443,https,7958.0,TCP,tmd01,Cluster-1,10.221.162.4,10.221.81.194,,,,104.74.32.163
172.18.0.2 -> 10.221.172.3(NSX-Manager-2) [port:443],443,https,440.0,TCP,,,,172.18.0.2,NSX-Manager-2,Cluster-1,10.221.162.4,10.221.172.3
10.221.81.194(tmd01) -> 172.217.25.170(US) [port:443],443,https,29259.0,UDP,tmd01,Cluster-1,10.221.162.4,10.221.81.194,,,,172.217.25.170
"10.221.81.191(vrni-proxy) -> 52.88.53.101(Boardman, US) [port:443]",443,https,1271998.0,TCP,vrni-proxy,Cluster-1,10.221.162.4,10.221.81.191,,,,52.88.53.101
"10.221.81.202(vROpsCloudProxy) -> 13.239.149.148(Sydney, AU) [port:443]",443,https,7.98816925E8,TCP,vROpsCloudProxy,Cluster-1,10.221.162.4,10.221.81.202,,,,13.239.149.148
10.221.81.194(tmd01) -> 142.250.66.195(US) [port:443],443,https,48090.0,UDP,tmd01,Cluster-1,10.221.162.4,10.221.81.194,,,,142.250.66.195
10.221.81.194(tmd01) -> 117.18.232.200(AU) [port:443],443,https,311118.0,TCP,tmd01,Cluster-1,10.221.162.4,10.221.81.194,,,,117.18.232.200
"10.221.81.203(AVIcontroller) -> 198.255.68.106(Los Angeles, US) [port:123]",123,ntp,12464.0,UDP,AVIcontroller,Cluster-1,10.221.162.4,10.221.81.203,,,,198.255.68.106
10.221.81.194(tmd01) -> 8.8.8.8(US) [port:53],53,dns,164718.0,UDP,tmd01,Cluster-1,10.221.162.4,10.221.81.194,,,,8.8.8.8
10.221.81.194(tmd01) -> 142.250.71.74(US) [port:443],443,https,81515.0,UDP,tmd01,Cluster-1,10.221.162.4,10.221.81.194,,,,142.250.71.74
"10.221.81.194(tmd01) -> 40.90.23.206(Washington, US) [port:443]",443,https,21076.0,TCP,tmd01,Cluster-1,10.221.162.4,10.221.81.194,,,,40.90.23.206
"10.221.81.203(AVIcontroller) -> 64.79.100.197(West Chicago, US) [port:123]",123,ntp,11096.0,UDP,AVIcontroller,Cluster-1,10.221.162.4,10.221.81.203,,,,64.79.100.197
10.221.81.190(vrni-proxy-v6) -> 34.208.223.205(US) [port:443],443,https,2034087.0,TCP,vrni-proxy-v6,Cluster-1,10.221.162.4,10.221.81.190,,,,34.208.223.205
"10.221.81.194(tmd01) -> 104.43.193.48(Des Moines, US) [port:443]",443,https,216.0,TCP,tmd01,Cluster-1,10.221.162.4,10.221.81.194,,,,104.43.193.48
10.221.81.113 -> 169.254.169.254 [port:80],80,http,220584.0,TCP,,,,10.221.81.113,,,,169.254.169.254
"10.221.81.194(tmd01) -> 216.58.199.36(Mountain View, US) [port:443]",443,https,9171.0,TCP,tmd01,Cluster-1,10.221.162.4,10.221.81.194,,,,216.58.199.36
10.221.81.194(tmd01) -> 172.217.25.163(US) [port:443],443,https,31814.0,TCP,tmd01,Cluster-1,10.221.162.4,10.221.81.194,,,,172.217.25.163
10.221.81.194(tmd01) -> 172.217.167.78(US) [port:443],443,https,8900.0,TCP,tmd01,Cluster-1,10.221.162.4,10.221.81.194,,,,172.217.167.78
"10.221.81.194(tmd01) -> 104.42.151.234(San Jose, US) [port:443]",443,https,45220.0,TCP,tmd01,Cluster-1,10.221.162.4,10.221.81.194,,,,104.42.151.234
10.221.81.189(vrni-platform-v6) -> 74.6.168.73(US) [port:123],123,ntp,,UDP,vrni-platform-v6,Cluster-1,10.221.162.4,10.221.81.189,,,,74.6.168.73
10.221.81.194(tmd01) -> 142.250.66.227(US) [port:443],443,https,49523.0,TCP,tmd01,Cluster-1,10.221.162.4,10.221.81.194,,,,142.250.66.227
10.221.81.194(tmd01) -> 40.90.137.127 [port:443],443,https,21665.0,TCP,tmd01,Cluster-1,10.221.162.4,10.221.81.194,,,,40.90.137.127
"10.221.81.194(tmd01) -> 216.58.203.100(Mountain View, US) [port:443]",443,https,28870.0,UDP,tmd01,Cluster-1,10.221.162.4,10.221.81.194,,,,216.58.203.100
10.221.81.194(tmd01) -> 142.250.66.230(US) [port:443],443,https,10576.0,UDP,tmd01,Cluster-1,10.221.162.4,10.221.81.194,,,,142.250.66.230
"10.221.81.194(tmd01) -> 216.58.199.36(Mountain View, US) [port:443]",443,https,149424.0,UDP,tmd01,Cluster-1,10.221.162.4,10.221.81.194,,,,216.58.199.36
"10.221.81.194(tmd01) -> 216.58.199.67(Mountain View, US) [port:443]",443,https,16230.0,UDP,tmd01,Cluster-1,10.221.162.4,10.221.81.194,,,,216.58.199.67
10.221.81.194(tmd01) -> 13.224.180.115(US) [port:443],443,https,50254.0,TCP,tmd01,Cluster-1,10.221.162.4,10.221.81.194,,,,13.224.180.115
"10.221.81.190(vrni-proxy-v6) -> 54.148.152.125(Boardman, US) [port:443]",443,https,1757777.0,TCP,vrni-proxy-v6,Cluster-1,10.221.162.4,10.221.81.190,,,,54.148.152.125
10.221.81.194(tmd01) -> 142.250.66.226(US) [port:443],443,https,5743.0,TCP,tmd01,Cluster-1,10.221.162.4,10.221.81.194,,,,142.250.66.226
10.221.81.194(tmd01) -> 172.217.167.110(US) [port:443],443,https,18585.0,UDP,tmd01,Cluster-1,10.221.162.4,10.221.81.194,,,,172.217.167.110
10.221.81.194(tmd01) -> 13.107.42.18(US) [port:443],443,https,199332.0,TCP,tmd01,Cluster-1,10.221.162.4,10.221.81.194,,,,13.107.42.18
10.221.81.84(obi-router) -> 10.221.81.189(vrni-platform-v6) [port:443],443,https,1.4344723E7,TCP,obi-router,Cluster-1,10.221.162.4,10.221.81.84,vrni-platform-v6,Cluster-1,10.221.162.4,10.221.81.189
10.221.81.194(tmd01) -> 104.244.42.131(US) [port:443],443,https,8275.0,TCP,tmd01,Cluster-1,10.221.162.4,10.221.81.194,,,,104.244.42.131
10.221.81.81(SQLFireLocator-mcm52118-150868054681) -> 10.221.81.3 [port:67],67,bootps,1968.0,UDP,SQLFireLocator-mcm52118-150868054681,Cluster-1,10.221.162.4,10.221.81.81,,,,10.221.81.3
"10.221.81.202(vROpsCloudProxy) -> 44.240.91.71(Boardman, US) [port:443]",443,https,1.1598962E7,TCP,vROpsCloudProxy,Cluster-1,10.221.162.4,10.221.81.202,,,,44.240.91.71
10.221.81.194(tmd01) -> 74.112.69.164(US) [port:443],443,https,12749.0,TCP,tmd01,Cluster-1,10.221.162.4,10.221.81.194,,,,74.112.69.164
"10.221.81.194(tmd01) -> 216.58.199.66(Mountain View, US) [port:443]",443,https,4799.0,TCP,tmd01,Cluster-1,10.221.162.4,10.221.81.194,,,,216.58.199.66
10.221.81.194(tmd01) -> 173.194.28.39(US) [port:80],80,http,16665.0,TCP,tmd01,Cluster-1,10.221.162.4,10.221.81.194,,,,173.194.28.39
10.221.81.194(tmd01) -> 23.202.168.127(US) [port:443],443,https,76297.0,TCP,tmd01,Cluster-1,10.221.162.4,10.221.81.194,,,,23.202.168.127
192.168.244.2 -> 10.221.81.189(vrni-platform-v6) [port:443],443,https,40.0,TCP,,,,192.168.244.2,vrni-platform-v6,Cluster-1,10.221.162.4,10.221.81.189
10.221.81.194(tmd01) -> 142.250.66.170(US) [port:443],443,https,76739.0,UDP,tmd01,Cluster-1,10.221.162.4,10.221.81.194,,,,142.250.66.170
10.221.81.194(tmd01) -> 104.244.42.5(US) [port:443],443,https,8140.0,TCP,tmd01,Cluster-1,10.221.162.4,10.221.81.194,,,,104.244.42.5
10.221.81.203(AVIcontroller) -> 8.8.8.8(US) [port:53],53,dns,32550.0,UDP,AVIcontroller,Cluster-1,10.221.162.4,10.221.81.203,,,,8.8.8.8
10.221.81.194(tmd01) -> 74.125.24.188(US) [port:5228],5228,,23214.0,TCP,tmd01,Cluster-1,10.221.162.4,10.221.81.194,,,,74.125.24.188
10.221.81.194(tmd01) -> 172.217.167.74(US) [port:443],443,https,2595.0,TCP,tmd01,Cluster-1,10.221.162.4,10.221.81.194,,,,172.217.167.74
10.221.81.194(tmd01) -> 142.250.66.206(US) [port:443],443,https,25197.0,UDP,tmd01,Cluster-1,10.221.162.4,10.221.81.194,,,,142.250.66.206
"10.221.81.194(tmd01) -> 216.58.199.33(Mountain View, US) [port:443]",443,https,78185.0,UDP,tmd01,Cluster-1,10.221.162.4,10.221.81.194,,,,216.58.199.33
10.221.81.189(vrni-platform-v6) -> 35.166.179.139(US) [port:443],443,https,1567126.0,TCP,vrni-platform-v6,Cluster-1,10.221.162.4,10.221.81.189,,,,35.166.179.139
"10.221.81.191(vrni-proxy) -> 216.239.38.21(San Carlos, US) [port:80]",80,http,107240.0,TCP,vrni-proxy,Cluster-1,10.221.162.4,10.221.81.191,,,,216.239.38.21
10.221.81.194(tmd01) -> 23.55.38.138(US) [port:80],80,http,3006258.0,TCP,tmd01,Cluster-1,10.221.162.4,10.221.81.194,,,,23.55.38.138
10.221.81.194(tmd01) -> 172.217.25.138(US) [port:443],443,https,47797.0,UDP,tmd01,Cluster-1,10.221.162.4,10.221.81.194,,,,172.217.25.138
10.221.81.192(vrni-platform) -> 137.190.2.4(US) [port:123],123,ntp,256.0,UDP,vrni-platform,Cluster-1,10.221.162.4,10.221.81.192,,,,137.190.2.4
10.221.81.194(tmd01) -> 152.195.11.6(US) [port:80],80,http,224072.0,TCP,tmd01,Cluster-1,10.221.162.4,10.221.81.194,,,,152.195.11.6
"10.221.81.194(tmd01) -> 216.58.196.142(Mountain View, US) [port:443]",443,https,32298.0,TCP,tmd01,Cluster-1,10.221.162.4,10.221.81.194,,,,216.58.196.142
"10.221.81.194(tmd01) -> 20.36.222.39(Boydton, US) [port:443]",443,https,38949.0,TCP,tmd01,Cluster-1,10.221.162.4,10.221.81.194,,,,20.36.222.39
"10.221.81.194(tmd01) -> 52.255.188.83(Washington, US) [port:443]",443,https,16156.0,TCP,tmd01,Cluster-1,10.221.162.4,10.221.81.194,,,,52.255.188.83
10.221.81.194(tmd01) -> 142.250.66.170(US) [port:443],443,https,23562.0,TCP,tmd01,Cluster-1,10.221.162.4,10.221.81.194,,,,142.250.66.170
10.221.81.194(tmd01) -> 172.217.25.164(US) [port:443],443,https,3799.0,TCP,tmd01,Cluster-1,10.221.162.4,10.221.81.194,,,,172.217.25.164
10.221.81.194(tmd01) -> 172.217.167.78(US) [port:80],80,http,4125.0,TCP,tmd01,Cluster-1,10.221.162.4,10.221.81.194,,,,172.217.167.78
10.221.81.194(tmd01) -> 74.125.130.157(US) [port:443],443,https,8703.0,UDP,tmd01,Cluster-1,10.221.162.4,10.221.81.194,,,,74.125.130.157
10.221.81.194(tmd01) -> 172.217.25.138(US) [port:443],443,https,25197.0,TCP,tmd01,Cluster-1,10.221.162.4,10.221.81.194,,,,172.217.25.138
10.221.81.194(tmd01) -> 172.217.25.42(US) [port:443],443,https,2595.0,TCP,tmd01,Cluster-1,10.221.162.4,10.221.81.194,,,,172.217.25.42
10.221.81.194(tmd01) -> 172.217.25.46(US) [port:443],443,https,18923.0,TCP,tmd01,Cluster-1,10.221.162.4,10.221.81.194,,,,172.217.25.46
"10.221.81.194(tmd01) -> 20.44.239.154(Singapore, SG) [port:443]",443,https,43167.0,TCP,tmd01,Cluster-1,10.221.162.4,10.221.81.194,,,,20.44.239.154
"10.221.81.194(tmd01) -> 216.58.196.132(Mountain View, US) [port:443]",443,https,3799.0,TCP,tmd01,Cluster-1,10.221.162.4,10.221.81.194,,,,216.58.196.132
"10.221.81.194(tmd01) -> 54.193.85.100(San Jose, US) [port:443]",443,https,8692.0,TCP,tmd01,Cluster-1,10.221.162.4,10.221.81.194,,,,54.193.85.100
10.221.81.194(tmd01) -> 20.190.3.175(US) [port:443],443,https,6002.0,TCP,tmd01,Cluster-1,10.221.162.4,10.221.81.194,,,,20.190.3.175
10.221.81.191(vrni-proxy) -> 34.208.223.205(US) [port:443],443,https,1890473.0,TCP,vrni-proxy,Cluster-1,10.221.162.4,10.221.81.191,,,,34.208.223.205
"10.221.81.194(tmd01) -> 216.58.196.131(Mountain View, US) [port:443]",443,https,44823.0,TCP,tmd01,Cluster-1,10.221.162.4,10.221.81.194,,,,216.58.196.131
10.221.81.194(tmd01) -> 104.98.34.158(US) [port:443],443,https,21151.0,TCP,tmd01,Cluster-1,10.221.162.4,10.221.81.194,,,,104.98.34.158
10.221.81.194(tmd01) -> 74.125.109.106(US) [port:80],80,http,5974.0,TCP,tmd01,Cluster-1,10.221.162.4,10.221.81.194,,,,74.125.109.106
10.221.81.194(tmd01) -> 40.64.66.113(US) [port:443],443,https,14331.0,TCP,tmd01,Cluster-1,10.221.162.4,10.221.81.194,,,,40.64.66.113
"10.221.81.194(tmd01) -> 52.147.198.201(Washington, US) [port:443]",443,https,16156.0,TCP,tmd01,Cluster-1,10.221.162.4,10.221.81.194,,,,52.147.198.201
10.221.81.194(tmd01) -> 142.250.66.196(US) [port:443],443,https,191142.0,UDP,tmd01,Cluster-1,10.221.162.4,10.221.81.194,,,,142.250.66.196
"10.221.81.194(tmd01) -> 216.58.196.131(Mountain View, US) [port:443]",443,https,53255.0,UDP,tmd01,Cluster-1,10.221.162.4,10.221.81.194,,,,216.58.196.131
"10.221.81.194(tmd01) -> 13.236.14.80(Sydney, AU) [port:443]",443,https,89762.0,TCP,tmd01,Cluster-1,10.221.162.4,10.221.81.194,,,,13.236.14.80
10.221.81.194(tmd01) -> 239.255.255.250 [port:1900],1900,,600344.0,UDP,tmd01,Cluster-1,10.221.162.4,10.221.81.194,,,,239.255.255.250
"10.221.81.194(tmd01) -> 20.54.64.202(Dublin, IE) [port:80]",80,http,20731.0,TCP,tmd01,Cluster-1,10.221.162.4,10.221.81.194,,,,20.54.64.202
10.221.81.194(tmd01) -> 142.250.66.202(US) [port:443],443,https,31802.0,TCP,tmd01,Cluster-1,10.221.162.4,10.221.81.194,,,,142.250.66.202
"10.221.81.194(tmd01) -> 216.58.196.138(Mountain View, US) [port:443]",443,https,23732.0,UDP,tmd01,Cluster-1,10.221.162.4,10.221.81.194,,,,216.58.196.138
10.221.81.194(tmd01) -> 199.127.207.188(US) [port:443],443,https,8726.0,TCP,tmd01,Cluster-1,10.221.162.4,10.221.81.194,,,,199.127.207.188
10.221.81.194(tmd01) -> 142.250.66.230(US) [port:443],443,https,7218.0,TCP,tmd01,Cluster-1,10.221.162.4,10.221.81.194,,,,142.250.66.230
"10.221.81.194(tmd01) -> 54.79.254.231(Sydney, AU) [port:443]",443,https,304.0,TCP,tmd01,Cluster-1,10.221.162.4,10.221.81.194,,,,54.79.254.231
"10.221.81.194(tmd01) -> 216.58.199.78(Mountain View, US) [port:443]",443,https,2887.0,UDP,tmd01,Cluster-1,10.221.162.4,10.221.81.194,,,,216.58.199.78
"10.221.81.189(vrni-platform-v6) -> 173.71.80.166(Mount Holly, US) [port:123]",123,ntp,256.0,UDP,vrni-platform-v6,Cluster-1,10.221.162.4,10.221.81.189,,,,173.71.80.166
10.221.81.194(tmd01) -> 40.125.122.176(US) [port:443],443,https,6002.0,TCP,tmd01,Cluster-1,10.221.162.4,10.221.81.194,,,,40.125.122.176
10.221.81.194(tmd01) -> 142.250.67.10(US) [port:443],443,https,110629.0,UDP,tmd01,Cluster-1,10.221.162.4,10.221.81.194,,,,142.250.67.10
"10.221.81.194(tmd01) -> 216.58.196.142(Mountain View, US) [port:80]",80,http,4125.0,TCP,tmd01,Cluster-1,10.221.162.4,10.221.81.194,,,,216.58.196.142
"10.221.81.194(tmd01) -> 216.58.199.80(Mountain View, US) [port:443]",443,https,11676.0,TCP,tmd01,Cluster-1,10.221.162.4,10.221.81.194,,,,216.58.199.80
10.221.81.194(tmd01) -> 142.250.66.238(US) [port:443],443,https,15859.0,TCP,tmd01,Cluster-1,10.221.162.4,10.221.81.194,,,,142.250.66.238
"10.221.81.194(tmd01) -> 216.58.203.99(Mountain View, US) [port:443]",443,https,48622.0,TCP,tmd01,Cluster-1,10.221.162.4,10.221.81.194,,,,216.58.203.99
10.221.81.194(tmd01) -> 172.217.167.80(US) [port:443],443,https,11708.0,TCP,tmd01,Cluster-1,10.221.162.4,10.221.81.194,,,,172.217.167.80
10.221.81.202(vROpsCloudProxy) -> 8.8.4.4(US) [port:53],53,dns,612.0,UDP,vROpsCloudProxy,Cluster-1,10.221.162.4,10.221.81.202,,,,8.8.4.4
10.221.81.194(tmd01) -> 172.217.25.132(US) [port:443],443,https,241082.0,UDP,tmd01,Cluster-1,10.221.162.4,10.221.81.194,,,,172.217.25.132
10.221.81.194(tmd01) -> 142.250.66.206(US) [port:443],443,https,26041.0,TCP,tmd01,Cluster-1,10.221.162.4,10.221.81.194,,,,142.250.66.206
10.221.81.194(tmd01) -> 40.91.75.5(US) [port:443],443,https,724206.0,TCP,tmd01,Cluster-1,10.221.162.4,10.221.81.194,,,,40.91.75.5
10.221.81.194(tmd01) -> 142.250.66.161(US) [port:443],443,https,1.2902683E7,UDP,tmd01,Cluster-1,10.221.162.4,10.221.81.194,,,,142.250.66.161
"10.221.81.194(tmd01) -> 40.90.23.208(Washington, US) [port:443]",443,https,20985.0,TCP,tmd01,Cluster-1,10.221.162.4,10.221.81.194,,,,40.90.23.208
"10.221.81.194(tmd01) -> 13.86.124.174(Des Moines, US) [port:443]",443,https,406889.0,TCP,tmd01,Cluster-1,10.221.162.4,10.221.81.194,,,,13.86.124.174
10.221.81.194(tmd01) -> 184.29.15.238(US) [port:80],80,http,2383.0,TCP,tmd01,Cluster-1,10.221.162.4,10.221.81.194,,,,184.29.15.238
10.221.81.194(tmd01) -> 142.250.66.227(US) [port:443],443,https,66792.0,UDP,tmd01,Cluster-1,10.221.162.4,10.221.81.194,,,,142.250.66.227
10.221.81.194(tmd01) -> 198.8.71.129(US) [port:443],443,https,11572.0,TCP,tmd01,Cluster-1,10.221.162.4,10.221.81.194,,,,198.8.71.129
"10.221.81.194(tmd01) -> 40.90.23.153(Washington, US) [port:443]",443,https,20995.0,TCP,tmd01,Cluster-1,10.221.162.4,10.221.81.194,,,,40.90.23.153
10.221.81.194(tmd01) -> 172.217.25.164(US) [port:443],443,https,86793.0,UDP,tmd01,Cluster-1,10.221.162.4,10.221.81.194,,,,172.217.25.164
10.221.81.194(tmd01) -> 149.135.80.32(AU) [port:80],80,http,196341.0,TCP,tmd01,Cluster-1,10.221.162.4,10.221.81.194,,,,149.135.80.32
10.221.81.194(tmd01) -> 172.217.25.35(US) [port:443],443,https,4563.0,TCP,tmd01,Cluster-1,10.221.162.4,10.221.81.194,,,,172.217.25.35
10.221.81.194(tmd01) -> 13.107.5.93(US) [port:443],443,https,65255.0,TCP,tmd01,Cluster-1,10.221.162.4,10.221.81.194,,,,13.107.5.93
10.221.81.194(tmd01) -> 74.125.24.189(US) [port:443],443,https,60066.0,UDP,tmd01,Cluster-1,10.221.162.4,10.221.81.194,,,,74.125.24.189
10.221.81.194(tmd01) -> 104.18.20.226(US) [port:80],80,http,2907.0,TCP,tmd01,Cluster-1,10.221.162.4,10.221.81.194,,,,104.18.20.226
"10.221.81.190(vrni-proxy-v6) -> 3.217.79.242(Ashburn, US) [port:123]",123,ntp,256.0,UDP,vrni-proxy-v6,Cluster-1,10.221.162.4,10.221.81.190,,,,3.217.79.242
"10.221.81.194(tmd01) -> 216.58.196.132(Mountain View, US) [port:443]",443,https,365616.0,UDP,tmd01,Cluster-1,10.221.162.4,10.221.81.194,,,,216.58.196.132
10.221.81.190(vrni-proxy-v6) -> 74.6.168.73(US) [port:123],123,ntp,,UDP,vrni-proxy-v6,Cluster-1,10.221.162.4,10.221.81.190,,,,74.6.168.73
"10.221.81.194(tmd01) -> 54.175.140.240(Ashburn, US) [port:443]",443,https,29433.0,TCP,tmd01,Cluster-1,10.221.162.4,10.221.81.194,,,,54.175.140.240
10.221.81.194(tmd01) -> 142.250.66.228(US) [port:443],443,https,28870.0,UDP,tmd01,Cluster-1,10.221.162.4,10.221.81.194,,,,142.250.66.228
10.221.81.194(tmd01) -> 142.250.66.196(US) [port:443],443,https,7596.0,TCP,tmd01,Cluster-1,10.221.162.4,10.221.81.194,,,,142.250.66.196
10.221.81.194(tmd01) -> 142.250.71.78(US) [port:80],80,http,8250.0,TCP,tmd01,Cluster-1,10.221.162.4,10.221.81.194,,,,142.250.71.78
10.221.81.194(tmd01) -> 142.250.66.161(US) [port:443],443,https,14886.0,TCP,tmd01,Cluster-1,10.221.162.4,10.221.81.194,,,,142.250.66.161
10.221.81.191(vrni-proxy) -> 162.159.200.1 [port:123],123,ntp,,UDP,vrni-proxy,Cluster-1,10.221.162.4,10.221.81.191,,,,162.159.200.1
"10.221.81.194(tmd01) -> 13.238.54.232(Sydney, AU) [port:443]",443,https,33556.0,TCP,tmd01,Cluster-1,10.221.162.4,10.221.81.194,,,,13.238.54.232
10.221.81.194(tmd01) -> 142.250.66.206(US) [port:80],80,http,4116.0,TCP,tmd01,Cluster-1,10.221.162.4,10.221.81.194,,,,142.250.66.206
10.221.81.194(tmd01) -> 104.74.50.201(US) [port:80],80,http,12860.0,TCP,tmd01,Cluster-1,10.221.162.4,10.221.81.194,,,,104.74.50.201
10.221.81.194(tmd01) -> 142.250.71.74(US) [port:443],443,https,106686.0,TCP,tmd01,Cluster-1,10.221.162.4,10.221.81.194,,,,142.250.71.74
"10.221.81.194(tmd01) -> 52.52.14.151(San Jose, US) [port:443]",443,https,8159.0,TCP,tmd01,Cluster-1,10.221.162.4,10.221.81.194,,,,52.52.14.151
10.221.81.194(tmd01) -> 142.250.67.14(US) [port:443],443,https,35793.0,UDP,tmd01,Cluster-1,10.221.162.4,10.221.81.194,,,,142.250.67.14
"10.221.81.194(tmd01) -> 216.58.199.66(Mountain View, US) [port:443]",443,https,29491.0,UDP,tmd01,Cluster-1,10.221.162.4,10.221.81.194,,,,216.58.199.66
10.221.81.194(tmd01) -> 104.98.34.218(US) [port:443],443,https,8172277.0,TCP,tmd01,Cluster-1,10.221.162.4,10.221.81.194,,,,104.98.34.218
"10.221.81.194(tmd01) -> 216.58.196.138(Mountain View, US) [port:443]",443,https,12360.0,TCP,tmd01,Cluster-1,10.221.162.4,10.221.81.194,,,,216.58.196.138
"10.221.81.191(vrni-proxy) -> 173.71.80.166(Mount Holly, US) [port:123]",123,ntp,256.0,UDP,vrni-proxy,Cluster-1,10.221.162.4,10.221.81.191,,,,173.71.80.166
10.221.81.194(tmd01) -> 172.217.25.142(US) [port:443],443,https,169157.0,UDP,tmd01,Cluster-1,10.221.162.4,10.221.81.194,,,,172.217.25.142
10.221.81.194(tmd01) -> 172.217.25.142(US) [port:443],443,https,10867.0,TCP,tmd01,Cluster-1,10.221.162.4,10.221.81.194,,,,172.217.25.142
10.221.81.194(tmd01) -> 142.250.66.164(US) [port:443],443,https,17322.0,UDP,tmd01,Cluster-1,10.221.162.4,10.221.81.194,,,,142.250.66.164
10.221.81.194(tmd01) -> 10.221.81.195(tm01) [port:443],443,https,3.7278199E7,TCP,tmd01,Cluster-1,10.221.162.4,10.221.81.194,tm01,Cluster-1,10.221.162.4,10.221.81.195
10.221.81.194(tmd01) -> 103.229.10.228(SG) [port:443],443,https,7236.0,TCP,tmd01,Cluster-1,10.221.162.4,10.221.81.194,,,,103.229.10.228
